item_id,card_name,title,price_usd,sold_date,scraped_at,url
227415454081,UNL Diana,2026 Riftbound UNL Diana Scorn of the Moon#234 Signature Overnumber PSA 10 Opens in a new window or tab,4500.0,2026-07-10,2026-07-11 03:04:13,https://www.ebay.com/itm/227415454081
298473353406,Sett,2026 RIFTBOUND: LEAGUE OF LEGENDS SIGNATURE OVERNUMBER #232* SETT BRAWLER PSA 10 Opens in a new window or tab,1500.0,2026-07-10,2026-07-11 03:04:13,https://www.ebay.com/itm/298473353406
137500558702,OGN Teemo,New Listing 2025 TEEMO RIFTBOUND OGN EN SIGNATURE OVERNUMBER # 307  GRADED PSA 10 Opens in a new window or tab,4998.0,2026-07-10,2026-07-11 03:04:13,https://www.ebay.com/itm/137500558702
236928237124,Sett,2026 RIFTBOUND: LEAGUE OF LEGENDS SIGNATURE OVERNUMBER #232* SETT BRAWLER PSA 10 Opens in a new window or tab,1200.0,2026-07-10,2026-07-11 03:04:13,https://www.ebay.com/itm/236928237124
137498700917,OGN Teemo,2025 TEEMO RIFTBOUND OGN EN SIGNATURE OVERNUMBER # 307  GRADED PSA 10 Opens in a new window or tab,5300.0,2026-07-09,2026-07-11 03:04:13,https://www.ebay.com/itm/137498700917
227415158927,OGN Ahri,Ahri Nine-Tailed Fox PSA 10 303*/298 - Signature Overnumber - Origins Riftbound Opens in a new window or tab,8983.36,2026-07-09,2026-07-11 03:04:13,https://www.ebay.com/itm/227415158927
147426903033,OGN Yasuo,Yasuo Signature 305*/298 Origins Riftbound PSA 10 Opens in a new window or tab,2082.29,2026-07-09,2026-07-11 03:04:13,https://www.ebay.com/itm/147426903033
298067320706,Darius,2025 RIFTBOUND: LEAGUE OF LEGENDS SIGNATURE OVERNUMBER DARIUS PSA 10 Opens in a new window or tab,1500.0,2026-07-09,2026-07-11 03:04:13,https://www.ebay.com/itm/298067320706
117290369408,SFD Bard,2026 RIFTBOUND: SIGNATURE SFD-SPIRITFORGED #228* BARD - MERCURIAL PSA 10 Opens in a new window or tab,1300.0,2026-07-09,2026-07-11 03:04:13,https://www.ebay.com/itm/117290369408
236658050316,OGN Jinx,2025 Riftbound OGN EN Signature Overnumber #301* Jinx PSA 10 GEM MINT Opens in a new window or tab,4500.0,2026-07-09,2026-07-11 03:04:13,https://www.ebay.com/itm/236658050316
397875316086,OGN Yasuo,2025 RIFTBOUND LEAGUE OF LEGENDS OGN SIGNATURE OVERNUMBER 305* YASUO PSA 10 Opens in a new window or tab,2100.0,2026-07-08,2026-07-11 03:04:13,https://www.ebay.com/itm/397875316086
366516533129,OGN Yasuo,2025 RIFTBOUND: LEAGUE OF LEGENDS OGN #305 YASUO SIGNATURE OVERNUMBER PSA 10 Opens in a new window or tab,2175.0,2026-07-08,2026-07-11 03:04:13,https://www.ebay.com/itm/366516533129
147398052292,OGN Yasuo,2025 Riftbound: League Of Legends Ogn 305* Yasuo -  Signature Overnumber PSA 10 Opens in a new window or tab,2000.0,2026-07-08,2026-07-11 03:04:13,https://www.ebay.com/itm/147398052292
800274904911,OGN Yasuo,2025 RIFTBOUND: LOL YASUO SIGNATURE OVERNUMBER OGN-ORIGINS #305* PSA 10 Opens in a new window or tab,1976.0,2026-07-08,2026-07-11 03:04:13,https://www.ebay.com/itm/800274904911
287382388521,Miss Fortune,2025 RIFTBOUND LEAGUE OF LEGENDS SIGNATURE OVERNUMBER #309 MISS FORTUNE PSA 10 Opens in a new window or tab,6969.69,2026-07-08,2026-07-11 03:04:13,https://www.ebay.com/itm/287382388521
206401257498,OGN Teemo,2025 TEEMO RIFTBOUND: LEAGUE OF LEGENDS OGN SIGNATURE OVERNUMBER PSA 10 Opens in a new window or tab,6000.0,2026-07-08,2026-07-11 03:04:13,https://www.ebay.com/itm/206401257498
800268536523,OGN Teemo,2025 TEEMO RIFTBOUND: LEAGUE OF LEGENDS OGN SIGNATURE OVERNUMBER PSA 10 Opens in a new window or tab,4150.0,2026-07-08,2026-07-11 03:04:13,https://www.ebay.com/itm/800268536523
800268536514,OGN Miss Fortune,2025 MISS FORTUNE RIFTBOUND: LEAGUE OF LEGENDS OGN SIGNATURE OVERNUMBER PSA 10 Opens in a new window or tab,4050.0,2026-07-08,2026-07-11 03:04:13,https://www.ebay.com/itm/800268536514
117106182656,SFD Irelia,2026 RIFTBOUND SPIRITFORGED SIGNATURE OVERNUMBER #225* IRELIA - FERVENT PSA 10 Opens in a new window or tab,4000.0,2026-07-08,2026-07-11 03:04:13,https://www.ebay.com/itm/117106182656
188540217048,SFD Yasuo,2026 RIFTBOUND SFD-SPIRITFORGED SIGNATURE OVERNUMBER YASUO - WINDRIDER PSA 10 Opens in a new window or tab,1300.0,2026-07-08,2026-07-11 03:04:13,https://www.ebay.com/itm/188540217048
158062532740,OGN Kai'Sa,2025 RIFTBOUND: LEAGUE OF LEGENDS OGN SIGNATURE OVERNUMBER #299* KAI'SA PSA 10 Opens in a new window or tab,8600.0,2026-07-08,2026-07-11 03:04:13,https://www.ebay.com/itm/158062532740
318503611153,Volibear,Riftbound League of Legends Volibear Relent. Signature Overnumber #300* PSA 10 Opens in a new window or tab,1313.98,2026-07-07,2026-07-11 03:04:13,https://www.ebay.com/itm/318503611153
398140242140,UNL Master Yi,2026 Riftbound UNL Unleashed Master Yi Overnumber Signature PSA 10 Gem Mint Opens in a new window or tab,1600.0,2026-07-07,2026-07-11 03:04:13,https://www.ebay.com/itm/398140242140
287445952989,SFD Bard,2026 Riftbound SFD Bard Signature Overnumber Foil EN #228 PSA 10 Opens in a new window or tab,1200.0,2026-07-07,2026-07-11 03:04:13,https://www.ebay.com/itm/287445952989
407050772656,Sett,2026 RIFTBOUND: LEAGUE OF LEGENDS SIGNATURE OVERNUMBER #232* SETT BRAWLER PSA 10 Opens in a new window or tab,1300.0,2026-07-07,2026-07-11 03:04:13,https://www.ebay.com/itm/407050772656
127954320952,OGN Sett,2025 Riftbound Origins Sett The Boss Signature Overnumber #310/298 PSA 10 Opens in a new window or tab,2043.0,2026-07-07,2026-07-11 03:04:13,https://www.ebay.com/itm/127954320952
407050769186,UNL Diana,2026 Riftbound UNL Diana Scorn of the Moon #234 Signature Overnumber PSA 10 Opens in a new window or tab,4250.0,2026-07-07,2026-07-11 03:04:13,https://www.ebay.com/itm/407050769186
278140782858,UNL Master Yi,2026 Riftbound UNL Unleashed Master Yi Overnumber Signature PSA 10 Gem Mint Opens in a new window or tab,1800.0,2026-07-07,2026-07-11 03:04:13,https://www.ebay.com/itm/278140782858
127925569171,SFD Irelia,2026 RIFTBOUND SPIRITFORGED SIGNATURE OVERNUMBER #225* IRELIA - FERVENT PSA 10 Opens in a new window or tab,2699.99,2026-07-07,2026-07-11 03:04:13,https://www.ebay.com/itm/127925569171
298485756979,SFD Vayne,2026 RIFTBOUND: LEAGUE OF LEGENDS SFD Signature  #223* VAYNE - HUNTER PSA 10 Opens in a new window or tab,3000.0,2026-07-07,2026-07-11 03:04:13,https://www.ebay.com/itm/298485756979
366511643656,OGN Ahri,2025 RIFTBOUND ORIGINS SIGNATURE OVERNUMBER #303* AHRI -NINE-TAILED FOX PSA 10 Opens in a new window or tab,7900.0,2026-07-06,2026-07-11 03:04:13,https://www.ebay.com/itm/366511643656
257446402162,SFD Ahri,Riftbound Spiritforged Signature Overnumbered Ahri - Inquisitive PSA 10 English Opens in a new window or tab,10000.0,2026-07-06,2026-07-11 03:04:13,https://www.ebay.com/itm/257446402162
287433816973,OGN Ahri,2025 RIFTBOUND OGN-ORIGINS SIGNATURE OVERNUMBER AHRI - NINE-TAILED FOX PSA 10 Opens in a new window or tab,8000.0,2026-07-05,2026-07-11 03:04:13,https://www.ebay.com/itm/287433816973
318523899048,SFD Ahri,🌸🦊 2026 RIFTBOUND: LOL SFD 227*-SPIRITFORGED AHRI INQUISITIVE SIGNATURE PSA 10 Opens in a new window or tab,8344.0,2026-07-05,2026-07-11 03:04:13,https://www.ebay.com/itm/318523899048
287433797370,SFD Bard,2026 RIFTBOUND SFD-SPIRITFORGED #228* BARD - MERCURIAL PSA 10 SIGNATURE Opens in a new window or tab,950.0,2026-07-05,2026-07-11 03:04:13,https://www.ebay.com/itm/287433797370
147403684402,SFD Soraka,RIFTBOUND LEAGUE OF LEGENDS SFD SIGNATURE OVERNUMBER SORAKA PSA 10 Opens in a new window or tab,1300.0,2026-07-05,2026-07-11 03:04:13,https://www.ebay.com/itm/147403684402
358271396114,OGN Jinx,2025 Riftbound OGN EN Signature Overnumber #301* Jinx PSA 10 GEM MINT Opens in a new window or tab,2637.58,2026-07-05,2026-07-11 03:04:13,https://www.ebay.com/itm/358271396114
278147946341,SFD Yasuo,2026 RIFTBOUND: LEAGUE OF LEGENDS YASUO SIGNATURE OVERNUMBER SFD #235 PSA 10 Opens in a new window or tab,900.0,2026-07-05,2026-07-11 03:04:13,https://www.ebay.com/itm/278147946341
358680558746,SFD Irelia,2026 RIFTBOUND SPIRITFORGED SIGNATURE OVERNUMBER #225* IRELIA - FERVENT PSA 10 Opens in a new window or tab,2699.99,2026-07-04,2026-07-11 03:04:13,https://www.ebay.com/itm/358680558746
117269950536,Aphelios,2026 RIFTBOUND: LEAGUE OF LEGENDS SIGNATURE OVERNUMBER APHELIOS PSA 10 Opens in a new window or tab,1178.0,2026-07-04,2026-07-11 03:04:13,https://www.ebay.com/itm/117269950536
158051813996,OGN Ahri,2025 Riftbound Origins Ahri Signature Overnumber #303 GEM MINT PSA 10 Opens in a new window or tab,7000.0,2026-07-04,2026-07-11 03:04:13,https://www.ebay.com/itm/158051813996
307024655782,Aphelios,2026 RIFTBOUND: LEAGUE OF LEGENDS SIGNATURE OVERNUMBER APHELIOS PSA 10 Opens in a new window or tab,1075.0,2026-07-04,2026-07-11 03:04:13,https://www.ebay.com/itm/307024655782
117268313880,Karma,2026 RIFTBOUND: LEAGUE OF LEGENDS SIGNATURE OVERNUMBER KARMA CHANNELER PSA 10 Opens in a new window or tab,769.59,2026-07-04,2026-07-11 03:04:13,https://www.ebay.com/itm/117268313880
377316498646,SFD Vayne,2026 RIFTBOUND SPIRITFORGED #223* VAYNE - HUNTER SIGNATURE OVERNUMBER PSA 10 Opens in a new window or tab,2500.0,2026-07-04,2026-07-11 03:04:13,https://www.ebay.com/itm/377316498646
206375890161,SFD Teemo,2026 RIFTBOUND SPIRITFORGED #230*/221 TEEMO SIGNATURE OVERNUMBER PSA 10 Opens in a new window or tab,1552.8,2026-07-04,2026-07-11 03:04:13,https://www.ebay.com/itm/206375890161
206375886744,SFD Vayne,2026 RIFTBOUND SPIRITFORGED #223*/221 VAYNE SIGNATURE OVERNUMBER PSA 10 Opens in a new window or tab,2364.48,2026-07-04,2026-07-11 03:04:13,https://www.ebay.com/itm/206375886744
206375890821,SFD Soraka,2026 RIFTBOUND SPIRITFORGED #239*/221 SORAKA SIGNATURE OVERNUMBER PSA 10 Opens in a new window or tab,1122.25,2026-07-04,2026-07-11 03:04:13,https://www.ebay.com/itm/206375890821
206375879672,OGN Jinx,2025 RIFTBOUND ORIGINS #3001*/298 JINX SIGNATURE OVERNUMBER PSA 10 Opens in a new window or tab,1967.81,2026-07-04,2026-07-11 03:04:13,https://www.ebay.com/itm/206375879672
206375890674,OGN Sett,2025 RIFTBOUND ORIGINS #310*/298 SETT SIGNATURE OVERNUMBER PSA 10 Opens in a new window or tab,1432.81,2026-07-04,2026-07-11 03:04:13,https://www.ebay.com/itm/206375890674
158049879082,SFD Sett,2026 Riftbound Spiritforged #232 Sett Brawler Signature Overnumber PSA 10 GEM MT Opens in a new window or tab,750.0,2026-07-03,2026-07-11 03:04:13,https://www.ebay.com/itm/158049879082
298443122905,UNL Vi,2026 RIFTBOUND UNL-UNLEASHED SIGNATURE OVERNUMBER VI - PILTOVER ENFORCER PSA 10 Opens in a new window or tab,1515.0,2026-07-03,2026-07-11 03:04:13,https://www.ebay.com/itm/298443122905
307023840727,OGN Volibear,2025 RIFTBOUND ORIGINS SIGNATURE OVERNUMBER VOLIBEAR - RELENTLESS STORM PSA 10 Opens in a new window or tab,1500.0,2026-07-03,2026-07-11 03:04:13,https://www.ebay.com/itm/307023840727
298452235242,Miss Fortune,2025 RIFTBOUND: LEAGUE OF LEGENDS SIGNATURE OVERNUMBER #309 MISS FORTUNE PSA 10 Opens in a new window or tab,2247.0,2026-07-03,2026-07-11 03:04:13,https://www.ebay.com/itm/298452235242
127792420350,SFD Bard,2026 RIFTBOUND SPIRITFORGED SIGNATURE OVERNUMBER #228* BARD - MERCURIAL PSA 10 Opens in a new window or tab,999.99,2026-06-13,2026-07-11 03:04:13,https://www.ebay.com/itm/127792420350
298105049604,Miss Fortune,2025 RIFTBOUND SIGNATURE OVERNUMBER #309* MISS FORTUNE - BOUNTY HUNTER PSA 10 Opens in a new window or tab,2400.0,2026-07-03,2026-07-11 03:04:13,https://www.ebay.com/itm/298105049604
307022773853,SFD Sett,2026 RIFTBOUND SFD-SPIRITFORGED SIGNATURE OVERNUMBER #232* SETT - BRAWLER PSA 10 Opens in a new window or tab,810.0,2026-07-02,2026-07-11 03:04:13,https://www.ebay.com/itm/307022773853
298449173090,SFD Sett,2026 RIFTBOUND SFD-SPIRITFORGED SIGNATURE OVERNUMBER #232* SETT - BRAWLER PSA 10 Opens in a new window or tab,610.0,2026-07-02,2026-07-11 03:04:13,https://www.ebay.com/itm/298449173090
306761756701,Miss Fortune,2025 RIFTBOUND: LEAGUE OF LEGENDS SIGNATURE OVERNUMBER #309* MISS FORTUNE PSA 10 Opens in a new window or tab,3499.0,2026-07-02,2026-07-11 03:04:13,https://www.ebay.com/itm/306761756701
117264741134,Vayne,2026 RIFTBOUND: LEAGUE OF LEGENDS SIGNATURE OVERNUMBER #223* VAYNE PSA 10 Opens in a new window or tab,2125.0,2026-07-01,2026-07-11 03:04:13,https://www.ebay.com/itm/117264741134
298445787480,Irelia,2026 RIFTBOUND: LEAGUE OF LEGENDS SIGNATURE OVERNUMBER #225* IRELIA PSA 10 Opens in a new window or tab,2250.0,2026-07-01,2026-07-11 03:04:13,https://www.ebay.com/itm/298445787480
358684851967,SFD Ahri,2026 Riftbound Spiritforged SIGNATURE Overnumber 227* AHRI Inquisitive PSA 10 Opens in a new window or tab,6850.0,2026-07-01,2026-07-11 03:04:13,https://www.ebay.com/itm/358684851967
800254716251,Darius,2026 Riftbound Darius Foil Signature Overnumber #236 PSA 10 League of Legends Opens in a new window or tab,760.0,2026-06-30,2026-07-11 03:04:13,https://www.ebay.com/itm/800254716251
127535116916,Miss Fortune,PSA 10 GEM MINT Riftbound Miss Fortune Bounty Hunter Signature 309* Overnumber Opens in a new window or tab,1499.99,2025-12-04,2026-07-11 03:04:13,https://www.ebay.com/itm/127535116916
407025134786,SFD Ahri,2026 RIFTBOUND: LEAGUE OF LEGENDS SIGNATURE OVERNUMBER AHRI Spiritforged PSA 10 Opens in a new window or tab,6800.0,2026-06-30,2026-07-11 03:04:13,https://www.ebay.com/itm/407025134786
257273942247,OGN Volibear,2025 RIFTBOUND OGN EN SIGNATURE OVERNUMBER VOLIBEAR - PSA 10 Opens in a new window or tab,1200.0,2026-06-30,2026-07-11 03:04:13,https://www.ebay.com/itm/257273942247
127533616226,OGN Ahri,PSA 10 GEM MINT Riftbound Ahri Nine-tailed Fox Signature OGN 303* Overnumber Opens in a new window or tab,3099.99,2025-12-30,2026-07-11 03:04:13,https://www.ebay.com/itm/127533616226
127533613584,OGN Yasuo,PSA 10 GEM MINT Riftbound Yasuo Unforgiven Signature OGN 305* Overnumber Alt Art Opens in a new window or tab,1399.99,2025-12-21,2026-07-11 03:04:13,https://www.ebay.com/itm/127533613584
366497704512,SFD Irelia,2026 Riftbound SFD EN Signature Overnumber #225 Irelia PSA 10 GEM MINT Opens in a new window or tab,2225.0,2026-06-29,2026-07-11 03:04:13,https://www.ebay.com/itm/366497704512
366497705801,SFD Vayne,Vayne - Hunter SFD 223*/221 Signature Overnumbered Riftbound Spiritforged PSA 10 Opens in a new window or tab,2199.0,2026-06-29,2026-07-11 03:04:13,https://www.ebay.com/itm/366497705801
188520921673,SFD Ahri,Ahri Signature Overnumber Foil #227 2026 Riftbound SFD EN PSA 10 Opens in a new window or tab,6500.0,2026-06-29,2026-07-11 03:04:13,https://www.ebay.com/itm/188520921673
147404104631,OGN Ahri,2025 RIFTBOUND ORIGINS SIGNATURE OVERNUMBER #303* AHRI -NINE-TAILED FOX PSA 10 Opens in a new window or tab,4300.0,2026-06-28,2026-07-11 03:04:13,https://www.ebay.com/itm/147404104631
287402253323,Vayne,Riftbound Vayne - Hunter 223* Signature Overnumber PSA 10 Opens in a new window or tab,2113.0,2026-06-28,2026-07-11 03:04:13,https://www.ebay.com/itm/287402253323
287402253335,Soraka,Riftbound Soraka - Wanderer 239* Signature Overnumber PSA 10 Opens in a new window or tab,1050.0,2026-06-28,2026-07-11 03:04:13,https://www.ebay.com/itm/287402253335
147390230219,SFD Soraka,RIFTBOUND LEAGUE OF LEGENDS SFD SIGNATURE OVERNUMBER SORAKA PSA 10 Opens in a new window or tab,1031.0,2026-06-28,2026-07-11 03:04:13,https://www.ebay.com/itm/147390230219
306886526046,SFD Vayne,2026 RIFTBOUND SPIRITFORGED SIGNATURE OVERNUMBER #223* VAYNE - HUNTER PSA 10 Opens in a new window or tab,1999.0,2026-06-28,2026-07-11 03:04:13,https://www.ebay.com/itm/306886526046
117237945235,UNL Master Yi,2026 Riftbound UNL Unleashed Master Yi Overnumber Signature PSA 10 Gem Mint Opens in a new window or tab,1900.0,2026-06-28,2026-07-11 03:04:13,https://www.ebay.com/itm/117237945235
800231495020,OGN Ahri,2025 RIFTBOUND ORIGINS SIGNATURE OVERNUMBER #303* AHRI -NINE-TAILED FOX PSA 10 Opens in a new window or tab,5969.26,2026-06-28,2026-07-11 03:04:13,https://www.ebay.com/itm/800231495020
267695276720,OGN Miss Fortune,2025 RIFTBOUND ORIGINS EN SIGNATURE OVERNUMBER #309* MISS FORTUNE PSA 10 Opens in a new window or tab,2074.69,2026-06-28,2026-07-11 03:04:13,https://www.ebay.com/itm/267695276720
206361041613,SFD Ahri,2025 RIFTBOUND SPIRITFORGED #227*/221 AHRI SIGNATURE OVERNUMBER PSA 10 Opens in a new window or tab,7128.74,2026-06-27,2026-07-11 03:04:13,https://www.ebay.com/itm/206361041613
206361041026,SFD Irelia,2026 RIFTBOUND SPIRITFORGED #225*/221 IRELIA FERVENT SIGNATURE OVERNUMBER PSA 10 Opens in a new window or tab,2188.03,2026-06-27,2026-07-11 03:04:13,https://www.ebay.com/itm/206361041026
206361040518,OGN Teemo,2025 RIFTBOUND ORIGINS #307*/298 TEEMO SIGNATURE OVERNUMBER PSA 10 Opens in a new window or tab,2011.58,2026-06-27,2026-07-11 03:04:13,https://www.ebay.com/itm/206361040518
206361040476,OGN Kai'Sa,2025 RIFTBOUND ORIGINS #OGN-299*/298 KAI'SA SIGNATURE OVERNUMBER PSA 10 Opens in a new window or tab,5822.98,2026-06-27,2026-07-11 03:04:13,https://www.ebay.com/itm/206361040476
117115457137,Darius,2025 RIFTBOUND: LEAGUE OF LEGENDS SIGNATURE OVERNUMBER DARIUS PSA 10 Opens in a new window or tab,1299.99,2026-06-27,2026-07-11 03:04:13,https://www.ebay.com/itm/117115457137
198433235157,OGN Viktor,2025 RIFTBOUND ORIGINS LEAGUE OF LEGEND SIGNATURE OVERNUMBER #308* VIKTOR PSA 10 Opens in a new window or tab,1299.99,2026-06-24,2026-07-11 03:04:13,https://www.ebay.com/itm/198433235157
188566715885,OGN Lee Sin,PSA 10 2025 RIFTBOUND: OGN-ORIGINS LEESIN + YASUO sequential pair signatures Opens in a new window or tab,3748.14,2026-06-27,2026-07-11 03:04:13,https://www.ebay.com/itm/188566715885
307009965504,SFD Soraka,2026 RIFTBOUND SFD-SPIRITFORGED SIGNATURE OVERNUMBER SORAKA - WANDERER PSA 10 Opens in a new window or tab,977.0,2026-06-26,2026-07-11 03:04:13,https://www.ebay.com/itm/307009965504
117256251809,Ahri,2025 RIFTBOUND: LEAGUE OF LEGENDS SIGNATURE OVERNUMBER AHRI PSA 10 Opens in a new window or tab,6400.0,2026-06-26,2026-07-11 03:04:13,https://www.ebay.com/itm/117256251809
298429332532,OGN Kai'Sa,2025 RIFTBOUND ORIGINS SIGNATURE OVERNUMBER KAI'SA - DAUGHTER OF THE VOID PSA 10 Opens in a new window or tab,6200.0,2026-06-26,2026-07-11 03:04:13,https://www.ebay.com/itm/298429332532
188558502071,OGN Jinx,PSA 10 2025 RIFTBOUND:  LOL OGN-ORIGINS 301 JINX - LOOSE CANNON SIGNATURE OVN Opens in a new window or tab,2082.3,2026-06-26,2026-07-11 03:04:13,https://www.ebay.com/itm/188558502071
117255602220,Aphelios,2026 RIFTBOUND: LEAGUE OF LEGENDS SIGNATURE OVERNUMBER APHELIOS EXALTED PSA 10 Opens in a new window or tab,890.0,2026-06-26,2026-07-11 03:04:13,https://www.ebay.com/itm/117255602220
307009965775,SFD Darius,2026 RIFTBOUND SFD-SPIRITFORGED SIGNATURE OVERNUMBER DARIUS - EXECUTIONER PSA 10 Opens in a new window or tab,630.0,2026-06-26,2026-07-11 03:04:13,https://www.ebay.com/itm/307009965775
318254354265,Leona,2025 RIFTBOUND: LEAGUE OF LEGENDS SIGNATURE OVERNUMBER#306* LEONA PSA 10 Opens in a new window or tab,1300.0,2026-06-26,2026-07-11 03:04:13,https://www.ebay.com/itm/318254354265
267702859357,OGN Ahri,2025 RIFTBOUND ORIGINS SIGNATURE OVERNUMBER #303* AHRI -NINE-TAILED FOX PSA 10 Opens in a new window or tab,6161.53,2026-06-25,2026-07-11 03:04:13,https://www.ebay.com/itm/267702859357
267702859977,SFD Ahri,2026 Riftbound Spiritforged Ahri Inquisitive Overnumbered Signature #227* PSA 10 Opens in a new window or tab,6316.31,2026-06-25,2026-07-11 03:04:13,https://www.ebay.com/itm/267702859977
377276741444,OGN Teemo,2025 Riftbound Origins En Signature Overnumber #307* Teemo PSA 10 GEM MINT Opens in a new window or tab,1767.68,2026-06-25,2026-07-11 03:04:13,https://www.ebay.com/itm/377276741444
307008852037,UNL Vi,2026 RIFTBOUND UNL-UNLEASHED SIGNATURE OVERNUMBER VI - PILTOVER ENFORCER PSA 10 Opens in a new window or tab,1035.0,2026-06-25,2026-07-11 03:04:13,https://www.ebay.com/itm/307008852037
307008852015,UNL Diana,2026 RIFTBOUND UNLEASHED SIGNATURE OVERNUMBER DIANA - SCORN OF THE MOON PSA 10 Opens in a new window or tab,3850.0,2026-06-25,2026-07-11 03:04:13,https://www.ebay.com/itm/307008852015
117254972381,UNL Kha'Zix,2026 RIFTBOUND UNL-UNLEASHED SIGNATURE OVERNUMBER KHA'ZIX - VOIDREAVER PSA 10 Opens in a new window or tab,720.0,2026-06-25,2026-07-11 03:04:13,https://www.ebay.com/itm/117254972381
298426754703,UNL Rengar,2026 RIFTBOUND UNL-UNLEASHED SIGNATURE OVERNUMBER RENGAR - PRIDESTALKER PSA 10 Opens in a new window or tab,655.2,2026-06-25,2026-07-11 03:04:13,https://www.ebay.com/itm/298426754703
117254808544,UNL Leblanc,2026 RIFTBOUND UNLEASHED SIGNATURE OVERNUMBER #235* LEBLANC - DECEIVER PSA 10 Opens in a new window or tab,2550.0,2026-06-25,2026-07-11 03:04:13,https://www.ebay.com/itm/117254808544
298423859854,OGN Darius,2025 RIFTBOUND OGN-ORIGINS SIGNATURE OVERNUMBER DARIUS - HAND OF NOXUS PSA 10 Opens in a new window or tab,898.0,2026-06-25,2026-07-11 03:04:13,https://www.ebay.com/itm/298423859854
298426481464,Kha'Zix,2026 RIFTBOUND: LEAGUE OF LEGENDS SIGNATURE OVERNUMBER KHA'ZIX PSA 10 Opens in a new window or tab,810.0,2026-06-25,2026-07-11 03:04:13,https://www.ebay.com/itm/298426481464
127584411419,OGN Sett,PSA 10 GEM MINT Riftbound Sett The Boss Signature OGN 310* Overnumber Alt Art Opens in a new window or tab,1499.99,2025-12-26,2026-07-11 03:04:13,https://www.ebay.com/itm/127584411419
147315871187,SFD Bard,2026 RIFTBOUND SPIRITFORGED SIGNATURE OVERNUMBER #228* BARD - MERCURIAL PSA 10 Opens in a new window or tab,705.82,2026-06-25,2026-07-11 03:04:13,https://www.ebay.com/itm/147315871187
236798066554,SFD Aphelios,RIFTBOUND SPIRIT FORGE APHELIOS EXALTED SIGNATURE OVERNUMBER 224* PSA 10 Opens in a new window or tab,859.99,2026-06-05,2026-07-11 03:04:13,https://www.ebay.com/itm/236798066554
206372053747,SFD Ahri,AHRI SIGNATURE OVERSNUMBER 227* RIFTBOUND SFD-SPIRITFORGED PSA 10 Opens in a new window or tab,7429.5,2026-06-25,2026-07-11 03:04:13,https://www.ebay.com/itm/206372053747
206338583820,SFD Ahri,AHRI SIGNATURE OVERSNUMBER 227* RIFTBOUND SFD-SPIRITFORGED PSA 10 Opens in a new window or tab,7429.5,2026-06-25,2026-07-11 03:04:13,https://www.ebay.com/itm/206338583820
188460945646,OGN Jinx,PSA 10 2025 RIFTBOUND:  LOL OGN-ORIGINS 301 JINX - LOOSE CANNON SIGNATURE OVN Opens in a new window or tab,2082.3,2026-06-25,2026-07-11 03:04:13,https://www.ebay.com/itm/188460945646
366486161354,OGN Ahri,2025 RIFTBOUND ORIGINS SIGNATURE OVERNUMBER #303* AHRI -NINE-TAILED FOX PSA 10 Opens in a new window or tab,6100.0,2026-06-24,2026-07-11 03:04:13,https://www.ebay.com/itm/366486161354
366486164846,OGN Jinx,2025 Riftbound OGN EN Signature Overnumber #301 Jinx PSA 10 GEM MINT Opens in a new window or tab,2475.0,2026-06-24,2026-07-11 03:04:13,https://www.ebay.com/itm/366486164846
366486165404,OGN Leona,2025 Riftbound OGN EN Signature Overnumber #306 Leona PSA 10 GEM MINT Opens in a new window or tab,1125.0,2026-06-24,2026-07-11 03:04:13,https://www.ebay.com/itm/366486165404
377273053904,OGN Miss Fortune,2025 Riftbound OGN EN Signature Overnumber #309 Miss Fortune PSA 10 GEM MINT Opens in a new window or tab,1830.0,2026-06-24,2026-07-11 03:04:13,https://www.ebay.com/itm/377273053904
377273057815,SFD Bard,2026 Riftbound Spiritforged #228 Bard Overnumbered Signature PSA 10 GEM MINT Opens in a new window or tab,680.0,2026-06-24,2026-07-11 03:04:13,https://www.ebay.com/itm/377273057815
800197839120,SFD Aphelios,2026 Riftbound Spiritforged #224 Aphelios Overnumbered Signature PSA 10 GEM MINT Opens in a new window or tab,935.0,2026-06-24,2026-07-11 03:04:13,https://www.ebay.com/itm/800197839120
800197841760,OGN Lee Sin,2025 Riftbound Origins EN Signature Overnumber #304* Lee Sin PSA 10 GEM MINT Opens in a new window or tab,1633.0,2026-06-24,2026-07-11 03:04:13,https://www.ebay.com/itm/800197841760
168459121916,SFD Ahri,2025 RIFTBOUND SPIRITFORGED #227*/221 AHRI SIGNATURE OVERNUMBER PSA 10 Opens in a new window or tab,6900.0,2026-06-24,2026-07-11 03:04:13,https://www.ebay.com/itm/168459121916
298419294035,Aphelios,2025 RIFTBOUND: LEAGUE OF LEGENDS SIGNATURE OVERNUMBER APHELIOS EXALTED PSA 10 Opens in a new window or tab,228.75,2026-06-23,2026-07-11 03:04:13,https://www.ebay.com/itm/298419294035
307004201965,SFD Yone,2025 RIFTBOUND: LEAGUE OF LEGENDS SFD CS SIGNATURE OVERNUMBER #233* YONE PSA 10 Opens in a new window or tab,260.0,2026-06-23,2026-07-11 03:04:13,https://www.ebay.com/itm/307004201965
306886526179,OGN Yasuo,2025 RIFTBOUND ORIGINS SIGNATURE OVERNUMBER #305* YASUO - UNFORGIVEN PSA 10 Opens in a new window or tab,1699.0,2026-06-23,2026-07-11 03:04:13,https://www.ebay.com/itm/306886526179
366481334092,SFD Soraka,2026 Riftbound SFD En Signature Overnumber #239* Soraka PSA 10 GEM MINT Opens in a new window or tab,345.0,2026-06-22,2026-07-11 03:04:13,https://www.ebay.com/itm/366481334092
366481339801,OGN Volibear,2025 Riftbound OGN EN Signature Overnumber #300* Volibear PSA 10 GEM MINT Opens in a new window or tab,1125.0,2026-06-22,2026-07-11 03:04:13,https://www.ebay.com/itm/366481339801
800167435290,SFD Ahri,2026 Riftbound Spiritforged Ahri Inquisitive Overnumbered Signature #227* PSA 10 Opens in a new window or tab,6800.0,2026-06-22,2026-07-11 03:04:13,https://www.ebay.com/itm/800167435290
800185647954,SFD Teemo,2026 Riftbound SFD EN Signature Overnumber #230 Teemo PSA 10 GEM MINT Opens in a new window or tab,866.0,2026-06-22,2026-07-11 03:04:13,https://www.ebay.com/itm/800185647954
800185664056,OGN Yasuo,2025 RIFTBOUND: LEAGUE OF LEGENDS OGN #305 YASUO SIGNATURE OVERNUMBER PSA 10 Opens in a new window or tab,1543.0,2026-06-22,2026-07-11 03:04:13,https://www.ebay.com/itm/800185664056
800185664259,SFD Yone,2026 Riftbound Spiritforged #233 Yone Overnumbered Signature PSA 10 GEM MINT Opens in a new window or tab,911.0,2026-06-22,2026-07-11 03:04:13,https://www.ebay.com/itm/800185664259
227380812060,SFD Ahri,Ahri Inquisitive PSA 10 - 227*/221 Overnumbered Signature Spiritforged Riftbound Opens in a new window or tab,7133.06,2026-06-22,2026-07-11 03:04:13,https://www.ebay.com/itm/227380812060
117245907303,OGN Ahri,2025 RIFTBOUND OGN-ORIGINS SIGNATURE OVERNUMBER AHRI - NINE-TAILED FOX PSA 10 Opens in a new window or tab,5700.0,2026-06-21,2026-07-11 03:04:13,https://www.ebay.com/itm/117245907303
117242139763,UNL Rengar,2026 RIFTBOUND UNL-UNLEASHED SIGNATURE OVERNUMBER RENGAR - PRIDESTALKER PSA 10 Opens in a new window or tab,630.0,2026-06-21,2026-07-11 03:04:13,https://www.ebay.com/itm/117242139763
117245907548,SFD Vayne,2026 RIFTBOUND SFD-SPIRITFORGED SIGNATURE OVERNUMBER #223* VAYNE - HUNTER PSA 10 Opens in a new window or tab,1625.0,2026-06-21,2026-07-11 03:04:13,https://www.ebay.com/itm/117245907548
287386658447,Soraka,Riftbound League of Legends Soraka Wanderer Signature Overnumber #239* PSA 10 Opens in a new window or tab,950.0,2026-06-21,2026-07-11 03:04:13,https://www.ebay.com/itm/287386658447
287386658443,Vayne,Riftbound League of Legends Vayne Hunter Signature Overnumber #223* PSA 10 Opens in a new window or tab,1625.0,2026-06-21,2026-07-11 03:04:13,https://www.ebay.com/itm/287386658443
287386658423,Aphelios,Riftbound League of Legends Aphelios Exalted Signature Overnumber #224* PSA 10 Opens in a new window or tab,760.0,2026-06-21,2026-07-11 03:04:13,https://www.ebay.com/itm/287386658423
227382285979,OGN Kai'Sa,2025 Riftbound Origins English Kai'Sa Overnumber Signature 299/298 PSA 10 Opens in a new window or tab,7057.45,2026-06-21,2026-07-11 03:04:13,https://www.ebay.com/itm/227382285979
298409840287,SFD Soraka,2026 RIFTBOUND SFD-SPIRITFORGED SIGNATURE OVERNUMBER SORAKA - WANDERER PSA 10 Opens in a new window or tab,835.0,2026-06-20,2026-07-11 03:04:13,https://www.ebay.com/itm/298409840287
137423471675,SFD Bard,2026 RIFTBOUND SPIRITFORGED SIGNATURE OVERNUMBER #228* BARD - MERCURIAL PSA 10 Opens in a new window or tab,900.0,2026-06-20,2026-07-11 03:04:13,https://www.ebay.com/itm/137423471675
298402903584,SFD Vayne,2026 RIFTBOUND SFD-SPIRITFORGED SIGNATURE OVERNUMBER #223* VAYNE - HUNTER PSA 10 Opens in a new window or tab,1650.0,2026-06-19,2026-07-11 03:04:13,https://www.ebay.com/itm/298402903584
117242825242,SFD Ahri,2026 RIFTBOUND SFD-SPIRITFORGED SIGNATURE OVERNUMBER AHRI - INQUISITIVE PSA 10 Opens in a new window or tab,6100.0,2026-06-19,2026-07-11 03:04:13,https://www.ebay.com/itm/117242825242
366472535319,OGN Lee Sin,2025 Riftbound Origins EN Signature Overnumber #304* Lee Sin PSA 10 GEM MINT Opens in a new window or tab,1505.0,2026-06-18,2026-07-11 03:04:13,https://www.ebay.com/itm/366472535319
366472553564,OGN Ahri,2025 RIFTBOUND ORIGINS SIGNATURE OVERNUMBER #303* AHRI -NINE-TAILED FOX PSA 10 Opens in a new window or tab,6400.0,2026-06-18,2026-07-11 03:04:13,https://www.ebay.com/itm/366472553564
377253801091,OGN Jinx,2025 Riftbound OGN EN Signature Overnumber #301 Jinx PSA 10 GEM MINT Opens in a new window or tab,1984.0,2026-06-18,2026-07-11 03:04:13,https://www.ebay.com/itm/377253801091
377254104369,SFD Teemo,2026 Riftbound SFD EN Signature Overnumber #230 Teemo PSA 10 GEM MINT Opens in a new window or tab,715.0,2026-06-18,2026-07-11 03:04:13,https://www.ebay.com/itm/377254104369
800162000721,OGN Miss Fortune,2025 Riftbound OGN EN Signature Overnumber #309 Miss Fortune PSA 10 GEM MINT Opens in a new window or tab,1900.0,2026-06-18,2026-07-11 03:04:13,https://www.ebay.com/itm/800162000721
800162552963,SFD Vayne,Vayne - Hunter SFD 223*/221 Signature Overnumbered Riftbound Spiritforged PSA 10 Opens in a new window or tab,1700.0,2026-06-18,2026-07-11 03:04:13,https://www.ebay.com/itm/800162552963
800161493498,SFD Yone,2026 Riftbound SFD EN Signature Overnumber #223* Yone PSA 10 GEM MINT Opens in a new window or tab,782.0,2026-06-18,2026-07-11 03:04:13,https://www.ebay.com/itm/800161493498
327167500027,SFD Yasuo,2026 RIFTBOUND SFD-SPIRITFORGED #235* YASUO SIGNATURE OVERNUMBER PSA 10 GEM MINT Opens in a new window or tab,770.0,2026-06-18,2026-07-11 03:04:13,https://www.ebay.com/itm/327167500027
117250804784,SFD Bard,2026 RIFTBOUND SPIRITFORGED SIGNATURE OVERNUMBER #228* BARD - MERCURIAL PSA 10 Opens in a new window or tab,700.0,2026-06-18,2026-07-11 03:04:13,https://www.ebay.com/itm/117250804784
366472458625,SFD Vayne,2026 Riftbound Spiritforged #223 Vayne Overnumbered Signature PSA 10 GEM MINT Opens in a new window or tab,1750.0,2026-06-18,2026-07-11 03:04:13,https://www.ebay.com/itm/366472458625
298267878007,SFD Sett,2026 RIFTBOUND: LOL SPIRITFORGED SIGNATURE OVERNUMBER #232* SETT PSA 10 Opens in a new window or tab,749.0,2026-06-18,2026-07-11 03:04:13,https://www.ebay.com/itm/298267878007
236872096972,SFD Ahri,2026 RIFTBOUND: LOL SFD SIGNATURE OVERNUMBER #227* AHRI - INQUISITIVE PSA 10 Opens in a new window or tab,6879.0,2026-06-17,2026-07-11 03:04:13,https://www.ebay.com/itm/236872096972
198354881294,OGN Yasuo,Riftbound OGN EN Yasuo Signature Overnumbered #305* Unforgiven Legend PSA 10 Opens in a new window or tab,1599.99,2026-06-17,2026-07-11 03:04:13,https://www.ebay.com/itm/198354881294
298407824013,SFD Sett,2026 Riftbound Spiritforged #232 Sett Brawler Signature Overnumber PSA 10 GEM MT Opens in a new window or tab,700.0,2026-06-17,2026-07-11 03:04:13,https://www.ebay.com/itm/298407824013
366467439352,SFD Yone,2026 Riftbound Spiritforged #233 Yone Overnumbered Signature PSA 10 GEM MINT Opens in a new window or tab,727.0,2026-06-16,2026-07-11 03:04:13,https://www.ebay.com/itm/366467439352
236802606767,SFD Teemo,PSA 10 Riftbound LoL Spiritforged Signature Overnumber Teemo  #230*/221 GEM MINT Opens in a new window or tab,849.99,2026-06-08,2026-07-11 03:04:13,https://www.ebay.com/itm/236802606767
117233392394,OGN Viktor,2025 RIFTBOUND ORIGINS SIGNATURE OVERNUMBER VIKTOR - HERALD OF THE ARCANE PSA 10 Opens in a new window or tab,1225.0,2026-06-14,2026-07-11 03:04:13,https://www.ebay.com/itm/117233392394
117233534835,SFD Vayne,2026 RIFTBOUND SFD-SPIRITFORGED SIGNATURE OVERNUMBER #223* VAYNE - HUNTER PSA 10 Opens in a new window or tab,1775.0,2026-06-14,2026-07-11 03:04:13,https://www.ebay.com/itm/117233534835
117233392347,OGN Volibear,2025 RIFTBOUND ORIGINS SIGNATURE OVERNUMBER VOLIBEAR - RELENTLESS STORM PSA 10 Opens in a new window or tab,1200.0,2026-06-14,2026-07-11 03:04:13,https://www.ebay.com/itm/117233392347
800166716158,SFD Ahri,2026 Riftbound Spiritforged Ahri Inquisitive Overnumbered Signature #227* PSA 10 Opens in a new window or tab,6800.0,2026-06-14,2026-07-11 03:04:13,https://www.ebay.com/itm/800166716158
287372421002,Irelia,Riftbound League of Legends Irelia Fervent Signature Overnumber #225* PSA 10 Opens in a new window or tab,2026.0,2026-06-14,2026-07-11 03:04:13,https://www.ebay.com/itm/287372421002
287372421000,Vayne,Riftbound League of Legends Vayne Hunter Signature Overnumber #223* PSA 10 Opens in a new window or tab,1575.0,2026-06-14,2026-07-11 03:04:13,https://www.ebay.com/itm/287372421000
287372421001,Soraka,Riftbound League of Legends Soraka Wanderer Signature Overnumber #239* PSA 10 Opens in a new window or tab,1026.0,2026-06-14,2026-07-11 03:04:13,https://www.ebay.com/itm/287372421001
206325529549,SFD Ahri,2025 RIFTBOUND SPIRITFORGED #227*/221 AHRI SIGNATURE OVERNUMBER PSA 10 Opens in a new window or tab,7058.16,2026-06-13,2026-07-11 03:04:13,https://www.ebay.com/itm/206325529549
377245168479,OGN Viktor,2025 Riftbound Origins League Of Legends Signature Overnumber 308* Viktor PSA 10 Opens in a new window or tab,1076.0,2026-06-13,2026-07-11 03:04:13,https://www.ebay.com/itm/377245168479
117233163580,SFD Irelia,2026 RIFTBOUND SPIRITFORGED SIGNATURE OVERNUMBER #225* IRELIA - FERVENT PSA 10 Opens in a new window or tab,2440.36,2026-06-13,2026-07-11 03:04:13,https://www.ebay.com/itm/117233163580
318417957988,OGN Ahri,🦊 2025 RIFTBOUND: LEAGUE OF LEGENDS ORIGINS SIGNATURE 303* AHRI PSA 10 Opens in a new window or tab,6700.0,2026-06-13,2026-07-11 03:04:13,https://www.ebay.com/itm/318417957988
306997855232,SFD Ahri,2026 RIFTBOUND: LOL SPIRITFORGED SIGNATURE OVERNUMBER #227* AHRI PSA 10 Opens in a new window or tab,6649.99,2026-06-13,2026-07-11 03:04:13,https://www.ebay.com/itm/306997855232
206325526261,SFD Aphelios,2026 RIFTBOUND SPIRITFORGED #224*/221 APHELIOS SIGNATURE OVERNUMBER PSA 10 Opens in a new window or tab,607.0,2026-06-13,2026-07-11 03:04:13,https://www.ebay.com/itm/206325526261
206325519424,SFD Vayne,2026 RIFTBOUND SPIRITFORGED #223*/221 VAYNE SIGNATURE OVERNUMBER PSA 10 Opens in a new window or tab,1570.44,2026-06-13,2026-07-11 03:04:13,https://www.ebay.com/itm/206325519424
206325526143,OGN Teemo,2025 RIFTBOUND ORIGINS #307*/298 TEEMO SIGNATURE OVERNUMBER PSA 10 Opens in a new window or tab,1605.73,2026-06-13,2026-07-11 03:04:13,https://www.ebay.com/itm/206325526143
206325520550,OGN Kai'Sa,2025 RIFTBOUND ORIGINS #OGN-299*/298 KAI'SA SIGNATURE OVERNUMBER PSA 10 Opens in a new window or tab,4023.15,2026-06-13,2026-07-11 03:04:13,https://www.ebay.com/itm/206325520550
206325524813,SFD Irelia,2026 RIFTBOUND SPIRITFORGED #225*/221 IRELIA FERVENT SIGNATURE OVERNUMBER PSA 10 Opens in a new window or tab,2223.32,2026-06-13,2026-07-11 03:04:13,https://www.ebay.com/itm/206325524813
206343126313,Soraka,Riftbound League of Legends Soraka Wanderer Signature Overnumber #239* PSA 10 Opens in a new window or tab,799.99,2026-06-12,2026-07-11 03:04:13,https://www.ebay.com/itm/206343126313
298382953293,UNL Leblanc,2026 RIFTBOUND UNLEASHED SIGNATURE OVERNUMBER #235* LEBLANC - DECEIVER PSA 10 Opens in a new window or tab,1630.0,2026-06-11,2026-07-11 03:04:13,https://www.ebay.com/itm/298382953293
117230914093,UNL Lillia,2026 RIFTBOUND UNL-UNLEASHED SIGNATURE OVERNUMBER LILLIA - BASHFUL BLOOM PSA 10 Opens in a new window or tab,684.0,2026-06-11,2026-07-11 03:04:13,https://www.ebay.com/itm/117230914093
117229717635,SFD Teemo,2026 RIFTBOUND SFD-SPIRITFORGED SIGNATURE OVERNUMBER TEEMO - STRATEGIST PSA 10 Opens in a new window or tab,897.0,2026-06-11,2026-07-11 03:04:13,https://www.ebay.com/itm/117229717635
117238479765,OGN Yasuo,Riftbound OGN EN Yasuo Signature Overnumbered #305 Unforgiven Legend PSA 10 Opens in a new window or tab,1400.0,2026-06-11,2026-07-11 03:04:13,https://www.ebay.com/itm/117238479765
298236505746,OGN Miss Fortune,2025 RIFTBOUND ORIGINS EN SIGNATURE OVERNUMBER #309* MISS FORTUNE PSA 10 Opens in a new window or tab,2099.0,2026-06-10,2026-07-11 03:04:13,https://www.ebay.com/itm/298236505746
406980303004,SFD Ahri,2026 RIFTBOUND: LEAGUE OF LEGENDS AHRI SIGNATURE OVERNUMBER SPIRITFORGED PSA 10 Opens in a new window or tab,7777.77,2026-06-10,2026-07-11 03:04:13,https://www.ebay.com/itm/406980303004
227380815401,OGN Ahri,Ahri Nine-Tailed Fox PSA 10 303*/298 - Signature Overnumber - Origins Riftbound Opens in a new window or tab,6704.0,2026-06-10,2026-07-11 03:04:13,https://www.ebay.com/itm/227380815401
257545120190,OGN Ahri,Riftbound Origins Ahri Nine-Tailed Fox Signature Overnumber #303* PSA 10 Opens in a new window or tab,6789.1,2026-06-09,2026-07-11 03:04:13,https://www.ebay.com/itm/257545120190
377249292166,SFD Yasuo,2026 RiftBound SFD EN Yasuo Signature Overnumber GEM MT PSA 10 Opens in a new window or tab,700.0,2026-06-09,2026-07-11 03:04:13,https://www.ebay.com/itm/377249292166
377243818067,SFD Yasuo,2026 RiftBound SFD EN Yasuo Signature Overnumber GEM MT PSA 10 Opens in a new window or tab,720.0,2026-06-09,2026-07-11 03:04:13,https://www.ebay.com/itm/377243818067
377233207025,OGN Yasuo,2025 Riftbound League of Legends OGN Yasuo Signature Overnumber Auto #305 PSA 10 Opens in a new window or tab,1301.0,2026-06-09,2026-07-11 03:04:13,https://www.ebay.com/itm/377233207025
377219879702,SFD Vayne,Vayne - Hunter SFD 223*/221 Signature Overnumbered Riftbound Spiritforged PSA 10 Opens in a new window or tab,1675.0,2026-06-08,2026-07-11 03:04:13,https://www.ebay.com/itm/377219879702
377219883108,OGN Teemo,2025 Riftbound Origins En Signature Overnumber #307* Teemo PSA 10 GEM MINT Opens in a new window or tab,1700.0,2026-06-08,2026-07-11 03:04:13,https://www.ebay.com/itm/377219883108
377224252088,OGN Jinx,2025 Riftbound OGN EN Signature Overnumber #301 Jinx PSA 10 GEM MINT Opens in a new window or tab,2050.0,2026-06-07,2026-07-11 03:04:13,https://www.ebay.com/itm/377224252088
298366908830,Ahri,2026 RIFTBOUND: LEAGUE OF LEGENDS SIGNATURE OVERNUMBER AHRI - INQUISITIVE PSA 10 Opens in a new window or tab,7666.0,2026-06-07,2026-07-11 03:04:13,https://www.ebay.com/itm/298366908830
278025490067,Leona,Leona - Radiant Dawn 306*/298 Signature Overnumber Riftbound PSA 10 *565 Opens in a new window or tab,1225.0,2026-06-07,2026-07-11 03:04:13,https://www.ebay.com/itm/278025490067
298267877377,SFD Teemo,2026 RIFTBOUND: LOL SPIRITFORGED SIGNATURE OVERNUMBER #230* TEEMO PSA 10 Opens in a new window or tab,849.0,2026-06-06,2026-07-11 03:04:13,https://www.ebay.com/itm/298267877377
306971048200,SFD Teemo,2026 RIFTBOUND SFD-SPIRITFORGED SIGNATURE OVERNUMBER TEEMO - STRATEGIST PSA 10 Opens in a new window or tab,810.0,2026-06-06,2026-07-11 03:04:13,https://www.ebay.com/itm/306971048200
117222124106,SFD Vayne,2026 RIFTBOUND SFD-SPIRITFORGED SIGNATURE OVERNUMBER #223* VAYNE - HUNTER PSA 10 Opens in a new window or tab,1775.0,2026-06-06,2026-07-11 03:04:13,https://www.ebay.com/itm/117222124106
117222294352,SFD Yasuo,2026 RIFTBOUND SFD-SPIRITFORGED SIGNATURE OVERNUMBER YASUO - WINDRIDER PSA 10 Opens in a new window or tab,760.0,2026-06-06,2026-07-11 03:04:13,https://www.ebay.com/itm/117222294352
336622778072,SFD Karma,2026 RIFTBOUND: LOL SPIRITFORGED SIGNATURE OVERNUMBER #237* KARMA PSA 10 Opens in a new window or tab,315.0,2026-06-06,2026-07-11 03:04:13,https://www.ebay.com/itm/336622778072
327183449599,SFD Teemo,2026 Riftbound SFD EN Signature Overnumber #230 Teemo PSA 10 GEM MINT Opens in a new window or tab,800.0,2026-06-06,2026-07-11 03:04:13,https://www.ebay.com/itm/327183449599
117186788473,OGN Kai'Sa,Kai'sa Daughter Of The Void Overnumber Signature PSA 10 GM LoL Riftbound Origins Opens in a new window or tab,5000.0,2026-06-06,2026-07-11 03:04:13,https://www.ebay.com/itm/117186788473
298363324003,CS Teemo,2025 RIFTBOUND S.CHINESE SIGNATURE OVERNUMBER #307* TEEMO - SWIFT SCOUT PSA 10 Opens in a new window or tab,1325.0,2026-06-05,2026-07-11 03:04:13,https://www.ebay.com/itm/298363324003
298362723314,UNL Vex,2026 RIFTBOUND UNL-UNLEASHED SIGNATURE OVERNUMBER #232* VEX - GLOOMIST PSA 10 Opens in a new window or tab,1245.68,2026-06-05,2026-07-11 03:04:13,https://www.ebay.com/itm/298362723314
117219139430,SFD Irelia,2026 RIFTBOUND SPIRITFORGED SIGNATURE OVERNUMBER #225* IRELIA - FERVENT PSA 10 Opens in a new window or tab,2415.0,2026-06-05,2026-07-11 03:04:13,https://www.ebay.com/itm/117219139430
298362295439,CS Yasuo,2025 RIFTBOUND: S.CHINESE SIGNATURE OVERNUMBER #305* YASUO - UNFORGIVEN PSA 10 Opens in a new window or tab,455.0,2026-06-05,2026-07-11 03:04:13,https://www.ebay.com/itm/298362295439
306966631994,Vi,2026 RIFTBOUND: LEAGUE OF LEGENDS SIGNATURE OVERNUMBER VI PSA 10 Opens in a new window or tab,1795.0,2026-06-04,2026-07-11 03:04:13,https://www.ebay.com/itm/306966631994
117145536917,SFD Soraka,2026 RIFTBOUND: LEAGUE OF LEGENDS SFD SIGNATURE OVERNUMBER #239* SORAKA PSA 10 Opens in a new window or tab,1000.0,2026-06-04,2026-07-11 03:04:13,https://www.ebay.com/itm/117145536917
178188491978,SFD Irelia,2026 RIFTBOUND SPIRITFORGED SIGNATURE OVERNUMBER #225* IRELIA - FERVENT PSA 10 Opens in a new window or tab,2200.0,2026-06-03,2026-07-11 03:04:13,https://www.ebay.com/itm/178188491978
227369971289,OGN Kai'Sa,2025 RIFTBOUND: LEAGUE OF LEGENDS OGN SIGNATURE OVERNUMBER #299* KAI'SA PSA 10 Opens in a new window or tab,4500.0,2026-06-02,2026-07-11 03:04:13,https://www.ebay.com/itm/227369971289
406933867636,OGN Kai'Sa,2025 RIFTBOUND: LEAGUE OF LEGENDS OGN SIGNATURE OVERNUMBER #299* KAI'SA PSA 10 Opens in a new window or tab,4499.95,2026-06-02,2026-07-11 03:04:13,https://www.ebay.com/itm/406933867636
236853333617,Ahri,Riftbound League Ahri Nine-Tailed Fox Signature Overnumber #303* PSA 10 Opens in a new window or tab,5499.99,2026-06-02,2026-07-11 03:04:13,https://www.ebay.com/itm/236853333617
358630281917,SFD Vayne,2026 RIFTBOUND SFD-SPIRITFORGED SIGNATURE OVERNUMBER #223* VAYNE - HUNTER PSA 10 Opens in a new window or tab,1700.0,2026-06-02,2026-07-11 03:04:13,https://www.ebay.com/itm/358630281917
406967086802,OGN Teemo,2025 RIFTBOUND OGN-ORIGINS SIGNATURE OVERNUMBER #307* TEEMO - SWIFT SCOUT PSA 10 Opens in a new window or tab,1550.0,2026-06-02,2026-07-11 03:04:13,https://www.ebay.com/itm/406967086802
377152644131,OGN Teemo,2025 RIFTBOUND OGN-ORIGINS SIGNATURE OVERNUMBER #307* TEEMO - SWIFT SCOUT PSA 10 Opens in a new window or tab,1999.99,2026-06-02,2026-07-11 03:04:13,https://www.ebay.com/itm/377152644131
236845025259,Leona,2025 RIFTBOUND: LEAGUE OF LEGENDS SIGNATURE OVERNUMBER#306* LEONA PSA 10 Opens in a new window or tab,1353.5,2026-06-01,2026-07-11 03:04:13,https://www.ebay.com/itm/236845025259
236845030657,OGN Miss Fortune,2025 RIFTBOUND ORIGINS SIGNATURE OVERNUMBER #309* MISS FORTUNE PSA 10 Opens in a new window or tab,1943.48,2026-06-01,2026-07-11 03:04:13,https://www.ebay.com/itm/236845030657
306905321663,SFD Bard,2026 RIFTBOUND: LOL SPIRITFORGED SIGNATURE OVERNUMBER #228* BARD PSA 10 Opens in a new window or tab,699.0,2026-05-31,2026-07-11 03:04:13,https://www.ebay.com/itm/306905321663
377218477401,OGN Volibear,2025 Riftbound OGN CS Volibear Signature Overnumber chinese PSA 10 Opens in a new window or tab,305.0,2026-05-31,2026-07-11 03:04:13,https://www.ebay.com/itm/377218477401
127886534047,SFD Karma,2026 Riftbound Spiritforged Karma Signature Overnumber #237* PSA 10 GEM MINT Opens in a new window or tab,510.0,2026-05-31,2026-07-11 03:04:13,https://www.ebay.com/itm/127886534047
287347450760,Irelia,Riftbound League of Legends Irelia Signature Overnumber #225* PSA 10 Gem Mint Opens in a new window or tab,2175.0,2026-05-31,2026-07-11 03:04:13,https://www.ebay.com/itm/287347450760
267662597633,OGN Ahri,2025 RIFTBOUND: OGN EN ORIGINS SIGNATURE OVERNUMBER #303* AHRI 4SC ELITE PSA 10 Opens in a new window or tab,5600.0,2026-05-31,2026-07-11 03:04:13,https://www.ebay.com/itm/267662597633
287347450764,Soraka,Riftbound League of Legends Soraka Wanderer Signature Overnumber #239* PSA 10 Opens in a new window or tab,680.0,2026-05-31,2026-07-11 03:04:13,https://www.ebay.com/itm/287347450764
287347450770,Vayne,Riftbound League of Legends Vayne Hunter Signature Overnumber #223* PSA 10 Opens in a new window or tab,1625.0,2026-05-31,2026-07-11 03:04:13,https://www.ebay.com/itm/287347450770
287344934501,Yasuo,Riftbound League of Legends Yasuo Signature Overnumber #305* PSA 10 Gem Mint Opens in a new window or tab,1326.0,2026-05-31,2026-07-11 03:04:13,https://www.ebay.com/itm/287344934501
287344972416,Leona,Riftbound League of Legends Leona Radiant Dawn Signature Overnumber #306* PSA 10 Opens in a new window or tab,1250.0,2026-05-31,2026-07-11 03:04:13,https://www.ebay.com/itm/287344972416
306949762634,SFD Soraka,2026 RIFTBOUND: SPIRITFORGED #239* SORAKA SIGNATURE OVERNUMBER PSA 10 Opens in a new window or tab,711.45,2026-05-30,2026-07-11 03:04:13,https://www.ebay.com/itm/306949762634
306949762645,SFD Aphelios,2026 RIFTBOUND: SPIRITFORGED #224* APHELIOS SIGNATURE OVERNUMBER PSA 10 Opens in a new window or tab,631.63,2026-05-30,2026-07-11 03:04:13,https://www.ebay.com/itm/306949762645
306949762644,SFD Vayne,2026 RIFTBOUND: SPIRITFORGED #223* VAYNE SIGNATURE OVERNUMBER PSA 10 Opens in a new window or tab,1617.25,2026-05-30,2026-07-11 03:04:13,https://www.ebay.com/itm/306949762644
306949762636,SFD Teemo,2026 RIFTBOUND: SPIRITFORGED #230* TEEMO SIGNATURE OVERNUMBER PSA 10 Opens in a new window or tab,780.86,2026-05-30,2026-07-11 03:04:13,https://www.ebay.com/itm/306949762636
306949762633,SFD Sett,2026 RIFTBOUND: SPIRITFORGED #232* SETT SIGNATURE OVERNUMBER PSA 10 Opens in a new window or tab,499.75,2026-05-30,2026-07-11 03:04:13,https://www.ebay.com/itm/306949762633
306949762638,OGN Volibear,2025 RIFTBOUND: ORIGINS #300* VOLIBEAR SIGNATURE OVERNUMBER PSA 10 Opens in a new window or tab,1093.21,2026-05-30,2026-07-11 03:04:13,https://www.ebay.com/itm/306949762638
168391737354,OGN Yasuo,2025 RIFTBOUND ORIGINS SIGNATURE OVERNUMBER #305* YASUO - UNFORGIVEN PSA 10 Opens in a new window or tab,1300.0,2026-05-29,2026-07-11 03:04:13,https://www.ebay.com/itm/168391737354
306949305717,OGN Ahri,2025 RIFTBOUND: LEAGUE OF LEGENDS ORIGINS SIGNATURE OVERNUMBER #303* AHRI PSA 10 Opens in a new window or tab,4950.0,2026-05-29,2026-07-11 03:04:13,https://www.ebay.com/itm/306949305717
168391739255,OGN Yasuo,2025 RIFTBOUND ORIGINS SIGNATURE OVERNUMBER #305* YASUO - UNFORGIVEN PSA 10 Opens in a new window or tab,1400.0,2026-05-29,2026-07-11 03:04:13,https://www.ebay.com/itm/168391739255
168132183209,OGN Icathian Rain,Icathian Rain 248 OGN Riftbound Signature Spell English 2025 PSA 10 Opens in a new window or tab,80.0,2026-05-28,2026-07-11 03:04:13,https://www.ebay.com/itm/168132183209
306886296685,SFD Darius,DARIUS EXECUTIONER SIGNATURE #236 RIFTBOUND SPIRITFORGED PSA 10 Opens in a new window or tab,700.0,2026-05-28,2026-07-11 03:04:13,https://www.ebay.com/itm/306886296685
407064847573,Karma,New Listing 2026 RIFTBOUND SDF LEAGUE OF LEGENDS SIGNATURE OVERNUMBER KARMA CHANNELER PSA 10 Opens in a new window or tab,1000.0,2026-07-11,2026-07-11 10:13:16,https://www.ebay.com/itm/407064847573
306704274972,CS Teemo,2025 RIFTBOUND LEAGUE OF LEGENDS CS SIGNATURE OVERNUMBER #307 TEEMO PSA 10 Opens in a new window or tab,149.99,2026-07-11,2026-07-11 10:13:16,https://www.ebay.com/itm/306704274972
398168325266,SFD Irelia,New Listing 2026 RIFTBOUND SPIRITFORGED SIGNATURE OVERNUMBER #225* IRELIA - FERVENT PSA 10 Opens in a new window or tab,4500.0,2026-07-12,2026-07-13 12:01:32,https://www.ebay.com/itm/398168325266
137506699555,SFD Teemo,New Listing 2025 TEEMO STRATEGIST  RIFTBOUND SFD EN SIGNATURE OVERNUMBER # 230  PSA 10 Opens in a new window or tab,3000.0,2026-07-12,2026-07-13 12:01:32,https://www.ebay.com/itm/137506699555
307042712035,Volibear,2025 RIFTBOUND: LEAGUE OF LEGENDS SIGNATURE OVERNUMBER VOLIBEAR PSA 10 Opens in a new window or tab,2113.0,2026-07-12,2026-07-13 12:01:32,https://www.ebay.com/itm/307042712035
117275221637,Darius,2026 RIFTBOUND: LEAGUE OF LEGENDS SIGNATURE OVERNUMBER DARIUS EXECUTIONER PSA 10 Opens in a new window or tab,1525.0,2026-07-12,2026-07-13 12:01:32,https://www.ebay.com/itm/117275221637
307043156687,Jinx,2025 RIFTBOUND: LEAGUE OF LEGENDS SIGNATURE OVERNUMBER #301* JINX PSA 10 Opens in a new window or tab,3650.0,2026-07-12,2026-07-13 12:01:32,https://www.ebay.com/itm/307043156687
298499787667,OGN Kai'Sa,New Listing 2025 RIFTBOUND OGN SIGNATURE OVERNUMBER #299* KAI'SA DAUGHTER OF THE VOID PSA 10 Opens in a new window or tab,12000.0,2026-07-12,2026-07-13 12:01:32,https://www.ebay.com/itm/298499787667
287439554296,Vayne,Riftbound Vayne - Hunter 223* Signature Overnumber PSA 10 Opens in a new window or tab,5000.0,2026-07-12,2026-07-13 12:01:32,https://www.ebay.com/itm/287439554296
407060240933,OGN Yasuo,2025 RIFTBOUND: LEAGUE OF LEGENDS OGN #305 YASUO SIGNATURE OVERNUMBER PSA 10 Opens in a new window or tab,2999.0,2026-07-12,2026-07-13 12:01:32,https://www.ebay.com/itm/407060240933
398159020591,SFD Soraka,2026 RIFTBOUND SPIRITFORGED #239* SORAKA SIGNATURE PSA 10 Opens in a new window or tab,2500.0,2026-07-11,2026-07-13 12:01:32,https://www.ebay.com/itm/398159020591
298489112867,SFD Ahri,PSA 10 2026 RIFTBOUND: LEAGUE OF LEGENDS SFD-AHRI SIGNATURE OVERNUMBERED Opens in a new window or tab,10500.0,2026-07-11,2026-07-13 12:01:32,https://www.ebay.com/itm/298489112867
298476456207,Ahri,2026 RIFTBOUND: LEAGUE OF LEGENDS SIGNATURE OVERNUMBER AHRI - INQUISITIVE PSA 10 Opens in a new window or tab,10201.0,2026-07-11,2026-07-13 12:01:32,https://www.ebay.com/itm/298476456207
147421027386,Karma,2026 RIFTBOUND: LEAGUE OF LEGENDS SIGNATURE OVERNUMBER KARMA CHANNELER PSA 10 Opens in a new window or tab,1000.0,2026-07-11,2026-07-13 12:01:32,https://www.ebay.com/itm/147421027386
336678848826,UNL (unidentified),RIFTBOUND: LEAGUE OF LEGENDS UNL-UNLEASHED POPPY - SIGNATURE OVERNUMBER PSA 10 Opens in a new window or tab,1999.99,2026-07-11,2026-07-13 12:01:32,https://www.ebay.com/itm/336678848826
178252591154,SFD Sett,2026 SETT Riftbound Spiritforged Overnumber Signature 232/221 PSA 10 GEM MINT Opens in a new window or tab,1550.0,2026-07-11,2026-07-13 12:01:32,https://www.ebay.com/itm/178252591154
407059087217,OGN Leona,LEONA ON SIGNATURE 2025 RIFTBOUND: LEAGUE OF LEGENDS OGN-ORIGINS #306* PSA 10 Opens in a new window or tab,2832.24,2026-07-14,2026-07-14 10:43:55,https://www.ebay.com/itm/407059087217
137506647388,OGN Teemo,2025 TEEMO SWITF SCOUT RIFTBOUND OGN EN SIGNATURE OVERNUMBER # 307   PSA 10 Opens in a new window or tab,5500.0,2026-07-14,2026-07-14 10:43:55,https://www.ebay.com/itm/137506647388
168531145242,SFD Ahri,2026 RIFTBOUND SFD SPIRITFORGED 227 AHRI SIGNATURE OVERNUMBER PSA 10 (638) Opens in a new window or tab,12000.0,2026-07-13,2026-07-14 10:43:55,https://www.ebay.com/itm/168531145242
398129992936,OGN Teemo,2025 RIFTBOUND ORIGINS CHINESE 307* TEEMO SIGNATURE OVERNUMBER PSA 10 Opens in a new window or tab,2000.0,2026-07-13,2026-07-14 10:43:55,https://www.ebay.com/itm/398129992936
358783638440,Vayne,Riftbound Vayne - Hunter 223* Signature Overnumber PSA 10 Opens in a new window or tab,5499.0,2026-07-16,2026-07-17 10:45:46,https://www.ebay.com/itm/358783638440
298491663016,SFD Vayne,2026 RIFTBOUND SFD-SPIRITFORGED SIGNATURE OVERNUMBER #223* VAYNE - HUNTER PSA 10 Opens in a new window or tab,5038.0,2026-07-16,2026-07-17 10:45:46,https://www.ebay.com/itm/298491663016
298491883475,Jinx,2025 RIFTBOUND: LEAGUE OF LEGENDS SIGNATURE OVERNUMBER #301* JINX PSA 10 Opens in a new window or tab,4850.0,2026-07-16,2026-07-17 10:45:46,https://www.ebay.com/itm/298491883475
168539406517,UNL Rengar,PSA 10 Rengar 227/221 Signature Overnumber Riftbound League of Legends Unleashed Opens in a new window or tab,1999.84,2026-07-16,2026-07-17 10:45:46,https://www.ebay.com/itm/168539406517
168539400805,UNL (unidentified),PSA 10  Jhin 226*/221 Signature Overnumber Riftbound League of Legends Unleashed Opens in a new window or tab,2999.77,2026-07-16,2026-07-17 10:45:46,https://www.ebay.com/itm/168539400805
800343157076,SFD Yasuo,2026 Riftbound Spiritforged Yasuo Signature Overnumber PSA 10 Opens in a new window or tab,2848.39,2026-07-15,2026-07-17 10:45:46,https://www.ebay.com/itm/800343157076
168531144949,SFD Ahri,2026 RIFTBOUND SFD SPIRITFORGED 227 AHRI SIGNATURE OVERNUMBER PSA 10 (639) Opens in a new window or tab,12000.0,2026-07-15,2026-07-17 10:45:46,https://www.ebay.com/itm/168531144949
800343148687,SFD Yone,2026 Riftbound Spiritforged Yone Signature Overnumber PSA 10 Opens in a new window or tab,2705.97,2026-07-15,2026-07-17 10:45:46,https://www.ebay.com/itm/800343148687
158084323513,SFD Yone,2025 RIFTBOUND: LEAGUE OF LEGENDS SFD SIGNATURE OVERNUMBER #233* YONE PSA 10 Opens in a new window or tab,1495.41,2026-07-14,2026-07-17 10:45:46,https://www.ebay.com/itm/158084323513
298485706249,SFD Soraka,2026 RIFTBOUND SFD-SPIRITFORGED SIGNATURE OVERNUMBER SORAKA - WANDERER PSA 10 Opens in a new window or tab,2650.0,2026-07-14,2026-07-17 10:45:46,https://www.ebay.com/itm/298485706249
318583202310,SFD Soraka,2026 Riftbound Spiritforged #239 Soraka Overnumbered Signature PSA 10 GEM MINT Opens in a new window or tab,2999.0,2026-07-14,2026-07-17 10:45:46,https://www.ebay.com/itm/318583202310
117302474596,OGN Yasuo,2025 RIFTBOUND: LOL YASUO SIGNATURE OVERNUMBER OGN-ORIGINS #305* PSA 10 Opens in a new window or tab,2800.0,2026-07-14,2026-07-17 10:45:46,https://www.ebay.com/itm/117302474596
358792581867,OGN Volibear,PSA 10 - RIFTBOUND Origins SIGNATURE VOLIBEAR Relentless Storm 300 OVERNUMBERED Opens in a new window or tab,2200.0,2026-07-14,2026-07-17 10:45:46,https://www.ebay.com/itm/358792581867
137512492957,SFD Karma,2025 RIFTBOUND SFD EN KARMA SIGNATURE OVERNUMBER  # 237 PSA 10 Opens in a new window or tab,1295.0,2026-07-14,2026-07-17 10:45:46,https://www.ebay.com/itm/137512492957
236942224894,Ahri,Graded 9 (945) Ahri Inquisitive Signature Overnumber 227*/221 Riftbound PSA 10 Opens in a new window or tab,8950.0,2026-07-17,2026-07-18 10:17:26,https://www.ebay.com/itm/236942224894
307048361565,OGN Kai'Sa,2025 RIFTBOUND: LOL ORIGINS #299* KAI'SA SIGNATURE OVERNUMBER PSA 10 Opens in a new window or tab,10196.64,2026-07-17,2026-07-18 10:17:26,https://www.ebay.com/itm/307048361565
307048361530,OGN Ahri,2025 RIFTBOUND: LOL ORIGINS #303* AHRI SIGNATURE OVERNUMBER PSA 10 Opens in a new window or tab,11593.44,2026-07-17,2026-07-18 10:17:26,https://www.ebay.com/itm/307048361530
307048361494,SFD Ahri,2026 RIFTBOUND: LOL SPIRITFORGED #227* AHRI SIGNATURE OVERNUMBER PSA 10 Opens in a new window or tab,12020.86,2026-07-17,2026-07-18 10:17:26,https://www.ebay.com/itm/307048361494
198492568835,OGN Viktor,RIFTBOUND ORIGINS VIKTOR HERALD OF THE ARCANE PSA 10 SIGNATURE Opens in a new window or tab,2899.99,2026-07-17,2026-07-18 10:17:26,https://www.ebay.com/itm/198492568835
137506890029,OGN Miss Fortune,2025  RIFTBOUND OGN EN MISS FORTUNE SIGNATURE OVERNUMBER # 309  PSA 10 Opens in a new window or tab,7300.0,2026-07-17,2026-07-18 10:17:26,https://www.ebay.com/itm/137506890029
307048364875,SFD Ahri,2026 RIFTBOUND: LOL SPIRITFORGED #227* AHRI SIGNATURE OVERNUMBER PSA 10 Opens in a new window or tab,12861.04,2026-07-18,2026-07-19 10:26:18,https://www.ebay.com/itm/307048364875
307048364857,OGN Kai'Sa,2025 RIFTBOUND: LOL ORIGINS #299* KAI'SA SIGNATURE OVERNUMBER PSA 10 Opens in a new window or tab,10056.96,2026-07-18,2026-07-19 10:26:18,https://www.ebay.com/itm/307048364857
298492541097,SFD-235 Yasuo Windrider,2026 RIFTBOUND SFD-SPIRITFORGED SIGNATURE OVERNUMBER YASUO - WINDRIDER PSA 10 Opens in a new window or tab,3550.0,2026-07-19,2026-07-20 09:47:51,https://www.ebay.com/itm/298492541097
307048871967,[set-ambiguous] Ahri,2025 RIFTBOUND: LEAGUE OF LEGENDS SIGNATURE OVERNUMBER AHRI PSA 10 Opens in a new window or tab,10100.0,2026-07-19,2026-07-20 09:47:51,https://www.ebay.com/itm/307048871967
307057215445,SFD-239 Soraka Wanderer,2026 RIFTBOUND: LEAGUE OF LEGENDS SIGNATURE OVERNUMBER SORAKA - WANDERER PSA 10 Opens in a new window or tab,3650.0,2026-07-19,2026-07-20 09:47:51,https://www.ebay.com/itm/307057215445
307048871996,[set-ambiguous] Ahri,2026 RIFTBOUND: LEAGUE OF LEGENDS SIGNATURE OVERNUMBER AHRI PSA 10 Opens in a new window or tab,12100.0,2026-07-19,2026-07-20 09:47:51,https://www.ebay.com/itm/307048871996
366540076075,OGN-309 Miss Fortune Bounty Hunter,2025 Riftbound OGN EN Signature Overnumber #309 Miss Fortune PSA 10 GEM MINT Opens in a new window or tab,6000.0,2026-07-20,2026-07-21 11:06:10,https://www.ebay.com/itm/366540076075
298499561728,SFD-235 Yasuo Windrider,2026 RIFTBOUND: LEAGUE OF LEGENDS SIGNATURE OVERNUMBER YASUO - WINDRIDER PSA 10 Opens in a new window or tab,3050.0,2026-07-20,2026-07-21 11:06:10,https://www.ebay.com/itm/298499561728
407081050590,SFD-237 Karma Channeler,KARMA ON SIGNATURE 2026 RIFTBOUND: LEAGUE OF LEGENDS SFD #237* PSA 10 Opens in a new window or tab,1655.34,2026-07-20,2026-07-21 11:06:10,https://www.ebay.com/itm/407081050590
407085148471,SFD-235 Yasuo Windrider,2026 RIFTBOUND SFD-SPIRITFORGED SIGNATURE OVERNUMBER YASUO - WINDRIDER PSA 10 Opens in a new window or tab,3200.0,2026-07-20,2026-07-21 11:06:10,https://www.ebay.com/itm/407085148471
117311768710,SFD-223 Vayne Hunter,2026 Riftbound Spiritforged #223 Vayne Overnumbered Signature PSA 10 GEM MINT Opens in a new window or tab,5555.0,2026-07-20,2026-07-21 11:06:10,https://www.ebay.com/itm/117311768710
267727533425,SFD-230 Teemo Strategist,2026 Riftbound SFD EN Teemo Signature Overnumber #230 PSA 10 GEM MINT Opens in a new window or tab,2750.0,2026-07-21,2026-07-22 11:08:20,https://www.ebay.com/itm/267727533425
287474578526,UNL-234 Diana Scorn of the Moon,2026 RIFTBOUND UNLEASHED SIGNATURE OVERNUMBER DIANA SCORN OF THE MOON PSA 10 234 Opens in a new window or tab,5599.99,2026-07-21,2026-07-22 11:08:20,https://www.ebay.com/itm/287474578526
206430669935,OGN-305 Yasuo Unforgiven,New Listing Yasuo 2025 League of Legends Riftbound Chinese TCG Signature OGN 305*/298 PSA 10 Opens in a new window or tab,550.0,2026-07-21,2026-07-22 11:08:20,https://www.ebay.com/itm/206430669935
800347620090,SFD-227 Ahri Inquisitive,2026 RIFTBOUND: LEAGUE OF LEGENDS SFD AHRI SIGNATURE OVERNUMBER #227 PSA 10 Opens in a new window or tab,10800.0,2026-07-22,2026-07-23 11:07:57,https://www.ebay.com/itm/800347620090
800347620163,SFD-225 Irelia Fervent,2026 RIFTBOUND: LEAGUE OF LEGENDS SFD #225 IRELIA SIGNATURE OVERNUMBER PSA 10 Opens in a new window or tab,5200.0,2026-07-22,2026-07-23 11:07:57,https://www.ebay.com/itm/800347620163
800347620174,SFD-223 Vayne Hunter,2026 RIFTBOUND: LEAGUE OF LEGENDS SFD #223 VAYNE SIGNATURE OVERNUMBER PSA 10 Opens in a new window or tab,5000.0,2026-07-22,2026-07-23 11:07:57,https://www.ebay.com/itm/800347620174
257636461535,SFD-236 Darius Executioner,New Listing Darius Riftbound Spiritforged Signature Overnumber #236 PSA 10 Opens in a new window or tab,1954.95,2026-07-22,2026-07-23 11:07:57,https://www.ebay.com/itm/257636461535
188681320979,SFD-232 Sett Brawler,New Listing 2026 Riftbound Spiritforged #232 Sett Brawler Signature Overnumber PSA 10 GEM MT Opens in a new window or tab,1500.0,2026-07-22,2026-07-23 11:07:57,https://www.ebay.com/itm/188681320979
298520723615,SFD-223 Vayne Hunter,2026 RIFTBOUND: LOL SFD EN #223* VAYNE SIGNATURE OVERNUMBER PSA 10 (YB Opens in a new window or tab,5500.0,2026-07-22,2026-07-23 11:07:57,https://www.ebay.com/itm/298520723615
